{"cameraMode":{"drawMode":0,"name":"Shaded","section":"Shading Mode"},"sceneLighting":true,"audioPlay":false,"sceneViewState":{"showFog":true,"showMaterialUpdate":false,"showSkybox":true,"showFlares":true,"showImageEffects":true,"showParticleSystems":true},"in2DMode":false,"pivot":{"x":5.297598838806152,"y":-8.662732124328614,"z":18.797504425048829},"rotation":{"x":0.21895982325077058,"y":0.023411476984620096,"z":-0.005251254886388779,"w":0.9754528999328613},"size":41.103824615478519,"orthographic":false}